PCH1-01,KR,SH,one-piece,スイートハニー キラッとワンピ,1900
PCH1-02,KR,SH,shoes,スイートハニー キラッとシューズ,900
PCH1-03,KR,SH,hair,スイートハニー キラッとヘアアクセ,900
PCH1-04,PR,SH,tops,フラワーショップ ラリージアトップス,850
PCH1-05,PR,SH,bottoms,フラワーショップ フリージアスカート,800
PCH1-06,PR,SH,shoes ,フラワーショップ フリージアシューズ,750
PCH1-07,PR,SH,hair,フラワーショップ フリージアへアアクセ,750
PCH1-08,PR,SH,tops,フラワーショップ ブルースタートップス,850
PCH1-09,PR,SH,bottoms,フラワーショップ ブルースタースカート,800
PCH1-10,PR,SH,shoes,フラワーショップ ブルースターシューズ,750
PCH1-11,PR,SH,hair,フラワーショップ ブルースターへアアクセ,750
PCH1-12,PR,GY,tops,チアリーダー グリーントップス,750
PCH1-13,PR,GY,bottoms,チアリーダー グリーンスカート,850
PCH1-14,PR,GY,shoes,チアリーダー グリーンシューズ,800
PCH1-15,PR,GY,hair,チアリーダー グリーンヘアアクセ,750
PCH1-16,SR,SH,tops ,ギンガムハート スカイブルートップス,700
PCH1-17,SR,SH,bottoms,ギンガムハート スカイブルースカート,650
PCH1-18,SR,SH,shoes,ギンガムハート スカイブルーシューズ,600
PCH1-19,SR,SH,hair,ギンガムハート スカイブルーヘアアクセ,600
PCH1-20,SR,SH,one-piece,アイスクリーム ミントワンピ,1200
PCH1-21,SR,SH,shoes,アイスクリーム ミントシューズ,60
PCH1-22,SR,SH,hair,アイスクリーム ミントへアアクセ,600
PCH1-23,SR,GY,tops,ポップコーンショップ レッドトップス,650
PCH1-24,SR,GY,bottoms,ポップコーンショップ レッドパンツ,700
PCH1-25,SR,GY,shoes,ポップコーンショップ レッドシューズ,600
PCH1-26,SR,GY,hair,ポップコーンショップ レッドヘアアクセ,600
PCH1-27,SR,GY,one-piece,バルーンホワイトデニム サロペット,1200
PCH1-28,SR,GY,shoes,バルーンホワイトデニム シューズ,600
PCH1-29,SR,GY,hair,バルーンホワイトデニム ヘアアクセ,600
PCH1-30,R,PS,tops,プリ☆チャンユニフォーム ピンクトップス,550
PCH1-31,R,PS,bottoms,プリ☆チャンユニフォーム ピンクスカート,500
PCH1-32,R,PS,shoes,プリ☆チャンユニフォーム ピンクシューズ,450
PCH1-33,R,PS,hair,プリ☆チャンユニフォーム ピンクヘアアクセ,450
PCH1-34,R,PS,tops,プリ☆チャンユニフォーム イエロートップス,550
PCH1-35,R,PS,bottoms,プリ☆チャンユニフォーム イエロースカート,500
PCH1-36,R,PS,shoes,プリ☆チャンユニフォーム イエローシューズ,450
PCH1-37,R,PS,hair,プリ☆チャンユニフォーム イエローヘアアクセ,450
PCH1-38,R,SH,one-piece,スプリングリボン ワンピ,900
PCH1-39,R,SH,shoes,スプリングリボン パンプス,450
PCH1-40,R,GY,tops,ポップスター ブルーTシャツ,450
PCH1-41,R,GY,bottoms,ポップスター イエローキャップスカート,550
PCH1-42,R,GY,shoes,ポップスター ブルースニーカー,500
PCH1-43,R,SH,tops,グレンチェック ビスチェ,550
PCH1-44,R,SH,bottoms,グレンチェック スカート,450
PCH1-45,R,SH,shoes,グレンチェック シューズ,500
PCH1-46,R,GY,tops,ビビッドアルファベット パーカ,550
PCH1-47,R,GY,bottoms,ビビッドラメ スカート,500
PCH1-48,R,GY,shoes,ビビッドアルファベット スニーカー,450
PCH1-49,N,SH,tops,フルレース ラベンダートップス,300
PCH1-50,N,SH,bottoms,フルレース ラベンダースカート,350
PCH1-51,N,SH,shoes,フルレース ラベンダーシューズ,400
PCH1-52,N,SH,tops,クリームソーダ トップス,350
PCH1-53,N,SH,bottoms,クリームソーダ スカート,400
PCH1-54,N,SH,shoes,クリームソーダ シューズ,300
PCH1-55,N,GY,tops,ダンシングマーチ トップス,400
PCH1-56,N,GY,bottoms,ダンシングマーチ スカート,350
PCH1-57,N,GY,shoes,ダンシングマーチ シューズ,300
PCH1-58,N,SH,tops,スイートドーナツ ブラウス,400
PCH1-59,N,SH,bottoms,スイートドーナツ スカート,300
PCH1-60,N,SH,shoes,スイート ストライプシューズ,350
PCH1-61,N,N,tops,モノトーン フリルカーデ,400
PCH1-62,N,N,bottoms,モノトーン フリルスカート,300
PCH1-63,N,N,shoes,モノトーン パンプス,350
PCH1-64,N,N,one-piece,グリーンチェック ワンピ,600
PCH1-65,N,N,shoes,グリーンチェック リボンシューズ,300
PCH1-66,SR,SH,photo,ピンクフラワーブーケ,600
PCH1-67,SR,SH,photo,ミルキーアイスクリーム,600
PCH1-68,SR,GY,photo,カラフルキャンディー,600
PCH1-69,R,SH,photo,ショートケーキ,500
PCH1-70,R,GY,photo,スタンダードマイク,500
